feature,mean_abs_shap,share
sub_grade_ord,0.29845660824368053,0.13781589814346157
acc_open_past_24mths,0.12499391311753306,0.05771743001479802
dti,0.09830158622657358,0.04539192974973782
grade_ord,0.09468828324267616,0.043723444005961974
loan_to_income,0.09129396723043538,0.04215607810790902
log_annual_inc,0.08378431211592174,0.038688405301316876
fico,0.07319635752960812,0.033799291002920735
int_rate,0.059184265640852905,0.027329040470083346
total_bc_limit,0.05187973902188571,0.02395608819259896
mths_since_recent_bc,0.05133733736723724,0.023705627760076568
mo_sin_old_rev_tl_op,0.05082245039321293,0.02346787255946264
home_ownership_RENT,0.04832377666756054,0.022314080168351978
emp_length_years,0.0410262253787297,0.018944348832743353
term_months,0.04055407758370434,0.01872632895772438
percent_bc_gt_75,0.03873880466222632,0.017888105037935205
mths_since_recent_inq,0.036213322431743744,0.016721933500010555
mo_sin_rcnt_rev_tl_op,0.0351910269677179,0.01624987637796594
credit_history_months,0.03000615261819303,0.013855698814112666
revol_bal_to_income,0.029432379728614295,0.013590752339739078
num_rev_tl_bal_gt_0,0.029201385113038242,0.01348408782123753
revol_util,0.029165325785085582,0.01346743699652472
num_tl_op_past_12m,0.02853936453546034,0.013178391924519908
mo_sin_rcnt_tl,0.028111895123312296,0.012981002825612972
num_il_tl,0.026985189689230846,0.012460733154739162
pct_tl_nvr_dlq,0.025744093067820193,0.011887641988927635
mths_since_last_delinq,0.025241492403858517,0.011655560138507274
verification_status_Source Verified,0.02504294141048769,0.011563876849470044
bc_util,0.024531271533835802,0.011327607181933782
avg_cur_bal,0.02444901594502994,0.011289624682851895
mort_acc,0.023119951191371745,0.01067591318289853
home_ownership_MORTGAGE,0.02274021650123475,0.010500566161147447
bc_open_to_buy,0.02165971071665729,0.010001629729392628
inq_last_6mths,0.020561513837937646,0.009494524223939982
total_il_high_credit_limit,0.02031951395694128,0.009382777892885738
total_rev_hi_lim,0.01990287625185833,0.00919039046389118
loan_amnt,0.019248338250227634,0.00888814973585171
installment_to_income,0.019149105916505014,0.008842328022345912
num_bc_sats,0.01879056797772218,0.0086767688533175
tot_hi_cred_lim,0.01856706514905685,0.008573563756766356
purpose_credit_card,0.018466448292019957,0.00852710272310886
num_bc_tl,0.01831254102977295,0.008456034209323247
mo_sin_old_il_acct,0.017850678242230838,0.008242763559164987
total_acc,0.015686936165469154,0.007243629851204866
installment,0.015175687324175579,0.007007554601766424
num_rev_accts,0.013276657639364912,0.006130654997655151
addr_state_NY,0.013012223071279532,0.0060085491822894875
revol_bal,0.011922097924377614,0.005505170895264268
addr_state_infrequent_sklearn,0.011287030185402239,0.005211920793201293
delinq_2yrs,0.010854005092991998,0.005011966292678229
purpose_small_business,0.01008814146887319,0.004658319630825251
num_actv_bc_tl,0.009767080413495706,0.00451006585964519
tot_cur_bal,0.00972095885986601,0.004488768682227497
num_actv_rev_tl,0.008900090984723413,0.004109723151503226
num_accts_ever_120_pd,0.008792222204209261,0.004059913455696256
addr_state_CO,0.007674438559219773,0.003543763527333729
addr_state_IL,0.007601222885055077,0.003509955316644193
total_bal_ex_mort,0.007593033688702077,0.0035061738575667633
addr_state_TX,0.0071291705938000246,0.0032919795416300993
num_op_rev_tl,0.007030619583138376,0.0032464724371729188
addr_state_GA,0.0066556463745441885,0.003073324086307956
addr_state_WA,0.005814276411573409,0.0026848114720284424
missingindicator_emp_length_years,0.005373114748469415,0.002481099812953702
addr_state_SC,0.005321923675016663,0.00245746172430043
addr_state_FL,0.0049013259609615376,0.002263245713937318
addr_state_NJ,0.004429912003669383,0.0020455646972431353
addr_state_OR,0.004332617185517106,0.002000637654658061
verification_status_Verified,0.003997151029712594,0.0018457321565657357
addr_state_KS,0.003542435516725351,0.0016357618456690304
verification_status_Not Verified,0.0032929819024255474,0.0015205736643713625
addr_state_NV,0.003041101209563446,0.0014042647506030815
num_sats,0.002651863966898343,0.0012245298118980963
open_acc,0.0024755529519224287,0.0011431160981107574
purpose_debt_consolidation,0.00242050624814188,0.001117697626172755
addr_state_CA,0.002373618350751965,0.0010960465803846393
purpose_medical,0.002249778248966279,0.0010388619365122637
pub_rec_bankruptcies,0.0017462529587408625,0.0008063531288878568
addr_state_WI,0.0015722216987583575,0.0007259921191562687
purpose_other,0.0015112827076926888,0.0006978528132950477
pub_rec,0.0013745338045474036,0.0006347073764491213
chargeoff_within_12_mths,0.0013609997983464574,0.000628457887684109
addr_state_MD,0.0012510048697904751,0.0005776664176631414
num_tl_90g_dpd_24m,0.0011685128840143448,0.0005395747594610456
purpose_moving,0.0011380881177255346,0.0005255257607922883
purpose_car,0.0010147511078281363,0.00046857342559902376
addr_state_OK,0.0009469455742338896,0.0004372634118372975
addr_state_MI,0.0009011899184411137,0.0004161351921093699
addr_state_CT,0.000884468735998502,0.00040841398670564264
home_ownership_OWN,0.0008171337082010697,0.00037732123460667964
tax_liens,0.0007683968278974575,0.0003548163989078543
addr_state_VA,0.0007560304833556686,0.0003491060918390739
collections_12_mths_ex_med,0.0007170695898724022,0.00033111543463947143
addr_state_TN,0.000682678179297045,0.00031523479066661764
initial_list_status_f,0.0006676677010491375,0.00030830352332604245
missingindicator_mths_since_recent_inq,0.0005960751326971826,0.0002752448011021202
addr_state_AL,0.0005170780605688319,0.00023876696095597897
purpose_vacation,0.00048204933630166275,0.00022259202978555548
purpose_major_purchase,0.00044994548494551933,0.0002077676935627881
purpose_infrequent_sklearn,0.0004051736343518957,0.00018709375761807856
purpose_home_improvement,0.0002662683815792613,0.000122952600615868
addr_state_LA,0.00026300251998743275,0.00012144455007834195
addr_state_HI,0.000249549515129562,0.00011523246464948777
addr_state_UT,0.0002117555561051745,9.778065335271633e-05
addr_state_PA,0.00019929858778310633,9.202849967264508e-05
addr_state_IN,0.00012060361269508992,5.569015643757967e-05
missingindicator_mths_since_last_delinq,0.00012020858334315684,5.550774692334558e-05
addr_state_NC,0.00011694908639442518,5.400263533567196e-05
missingindicator_mo_sin_old_il_acct,0.00011320246519664948,5.227258831673241e-05
addr_state_MN,0.00010913271316709441,5.039333178267581e-05
addr_state_MO,0.00010825301707226211,4.998712161994548e-05
addr_state_OH,0.00010163155725006969,4.6929583581882563e-05
addr_state_AZ,0.00010111281815711202,4.6690049619412164e-05
addr_state_MA,7.520863920070664e-05,3.472848606230317e-05
addr_state_KY,5.66241222769727e-05,2.6146863740456034e-05
addr_state_NM,5.547670871409871e-05,2.5617031844154516e-05
addr_state_AR,4.867880985751682e-05,2.2478020977813346e-05
initial_list_status_w,3.85221527597636e-05,1.7788063438259816e-05
delinq_amnt,2.2594833894667464e-05,1.0433434008783947e-05
missingindicator_num_il_tl,0.0,0.0
missingindicator_num_bc_tl,0.0,0.0
missingindicator_num_bc_sats,0.0,0.0
missingindicator_num_actv_rev_tl,0.0,0.0
missingindicator_num_actv_bc_tl,0.0,0.0
missingindicator_num_accts_ever_120_pd,0.0,0.0
missingindicator_mths_since_recent_bc,0.0,0.0
missingindicator_num_op_rev_tl,0.0,0.0
missingindicator_percent_bc_gt_75,0.0,0.0
missingindicator_pct_tl_nvr_dlq,0.0,0.0
missingindicator_num_tl_op_past_12m,0.0,0.0
missingindicator_num_tl_90g_dpd_24m,0.0,0.0
missingindicator_num_sats,0.0,0.0
missingindicator_num_rev_tl_bal_gt_0,0.0,0.0
missingindicator_num_rev_accts,0.0,0.0
missingindicator_bc_open_to_buy,0.0,0.0
missingindicator_pub_rec,0.0,0.0
missingindicator_avg_cur_bal,0.0,0.0
missingindicator_acc_open_past_24mths,0.0,0.0
missingindicator_collections_12_mths_ex_med,0.0,0.0
missingindicator_open_acc,0.0,0.0
missingindicator_pub_rec_bankruptcies,0.0,0.0
missingindicator_delinq_2yrs,0.0,0.0
missingindicator_inq_last_6mths,0.0,0.0
missingindicator_loan_amnt,0.0,0.0
missingindicator_installment_to_income,0.0,0.0
missingindicator_sub_grade_ord,0.0,0.0
missingindicator_grade_ord,0.0,0.0
missingindicator_revol_util,0.0,0.0
missingindicator_revol_bal_to_income,0.0,0.0
missingindicator_credit_history_months,0.0,0.0
missingindicator_revol_bal,0.0,0.0
missingindicator_log_annual_inc,0.0,0.0
missingindicator_term_months,0.0,0.0
missingindicator_fico,0.0,0.0
missingindicator_dti,0.0,0.0
missingindicator_loan_to_income,0.0,0.0
missingindicator_installment,0.0,0.0
missingindicator_int_rate,0.0,0.0
missingindicator_mort_acc,0.0,0.0
missingindicator_total_acc,0.0,0.0
missingindicator_mo_sin_rcnt_tl,0.0,0.0
missingindicator_mo_sin_rcnt_rev_tl_op,0.0,0.0
missingindicator_mo_sin_old_rev_tl_op,0.0,0.0
missingindicator_delinq_amnt,0.0,0.0
missingindicator_chargeoff_within_12_mths,0.0,0.0
missingindicator_bc_util,0.0,0.0
home_ownership_infrequent_sklearn,0.0,0.0
missingindicator_total_rev_hi_lim,0.0,0.0
missingindicator_total_il_high_credit_limit,0.0,0.0
missingindicator_total_bc_limit,0.0,0.0
missingindicator_total_bal_ex_mort,0.0,0.0
missingindicator_tot_cur_bal,0.0,0.0
missingindicator_tot_hi_cred_lim,0.0,0.0
missingindicator_tax_liens,0.0,0.0
application_type_Individual,0.0,0.0
